{"ppo_agent_mean_reward_orig": 379.45, "_timestamp": 1702255766.663844, "_runtime": 4859.3177280426025, "_step": 12525, "adversary_reward": -264.1, "Eval/0/internal_agent_return": 397.2, "Eval/0/episodic_return": 37196.69999999999, "Eval/1/internal_agent_return": 399.8, "Eval/1/episodic_return": 37063.1, "Eval/2/internal_agent_return": 325.4, "Eval/2/episodic_return": 37543.200000000004, "Eval/3/internal_agent_return": 345.2, "Eval/3/episodic_return": 37144.4, "Eval/4/internal_agent_return": 421.3, "Eval/4/episodic_return": 39675.4, "Eval/5/internal_agent_return": 460.0, "Eval/5/episodic_return": 39564.500000000015, "Eval/6/internal_agent_return": 396.4, "Eval/6/episodic_return": 39300.4, "Eval/7/internal_agent_return": 395.2, "Eval/7/episodic_return": 39808.80000000001, "Eval/8/internal_agent_return": 407.0, "Eval/8/episodic_return": 38982.899999999994, "Eval/9/internal_agent_return": 443.5, "Eval/9/episodic_return": 42005.099999999984, "Eval/10/internal_agent_return": 438.7, "Eval/10/episodic_return": 39961.19999999999, "Eval/11/internal_agent_return": 386.0, "Eval/11/episodic_return": 42968.8, "Eval/12/internal_agent_return": 422.5, "Eval/12/episodic_return": 43027.69999999999, "Eval/13/internal_agent_return": 387.6, "Eval/13/episodic_return": 38848.700000000004, "Eval/14/internal_agent_return": 295.3, "Eval/14/episodic_return": 36370.90000000001, "Eval/15/internal_agent_return": 315.9, "Eval/15/episodic_return": 31400.199999999986, "Eval/16/internal_agent_return": 358.4, "Eval/16/episodic_return": 36425.09999999999, "Eval/17/internal_agent_return": 368.6, "Eval/17/episodic_return": 42555.999999999985, "Eval/18/internal_agent_return": 411.9, "Eval/18/episodic_return": 37121.10000000001, "Eval/19/internal_agent_return": 444.3, "Eval/19/episodic_return": 43009.299999999996, "Eval/20/internal_agent_return": 320.3, "Eval/20/episodic_return": 33833.600000000006, "Eval/21/internal_agent_return": 324.0, "Eval/21/episodic_return": 33786.899999999994, "Eval/22/internal_agent_return": 367.3, "Eval/22/episodic_return": 36311.9, "Eval/23/internal_agent_return": 421.9, "Eval/23/episodic_return": 42906.00000000001, "Eval/24/internal_agent_return": 437.6, "Eval/24/episodic_return": 46045.29999999999, "_wandb": {"runtime": 4858}}