{"ppo_agent_mean_reward_orig": 379.45, "_timestamp": 1702250755.7489028, "_runtime": 270.3427617549896, "_step": 3333, "adversary_reward": -384.0}